Tipo,nombre,anno,mes,id_peli
Movie,Mom's Coming,2024,11,tt10579986
Movie,Love Song and Power,2024,1,tt10597228
Movie,Spaceman,2024,3,tt11097384
Movie,Blue et compagnie,2024,5,tt11152168
Movie,The Accompanist Awakening,2024,12,tt11237950
Movie,Manje Bistre 3,2024,7,tt11822244
Movie,Eternal Oath,2024,7,tt12053936
Movie,The Passion of the Gods,2024,6,tt12193500
Movie,Escaping Tomorrow,2024,,tt12255500
Movie,After dark,2024,12,tt12767592
Movie,Yi dao tian tang,2024,7,tt12861438
Movie,Broken Glass,2024,2,tt13036100
Movie,A Quiet Place: Day One,2024,6,tt13433802
Movie,Three Couples Freed,2024,1,tt13561128
Movie,Vo Ladki,2024,11,tt13576680
Movie,We Don't Say Retard Anymore,2024,9,tt13695406
Movie,Reckless,2024,11,tt13965596
Movie,An Irish Angel,2024,4,tt14117392
Movie,Una Noche Buena,2024,12,tt14256984
Movie,"MoviePass, MovieCrash",2024,5,tt14257662
Movie,Rhapsody in Justice,2024,5,tt14478740
Movie,Guntur Kaaram,2024,1,tt14564000
Movie,Noda Hitam Dalam Pelukan,2024,11,tt14643262
Movie,Disconnected,2024,11,tt14866430
Movie,La Puerta Verde,2024,6,tt14904970
Movie,The Hippie Who Came to Roam,2024,7,tt14978566
Movie,"Mookie Mayberry: Laugh, Live A Little",2024,,tt15005992
Movie,Dune: Deuxième partie,2024,2,tt15239678
Movie,Backstage,2024,4,tt15427838
Movie,Sunset Shimmer and the Acidic Universe of Makori,2024,12,tt15535164
Movie,Foreign scotch,2024,5,tt15572712
Movie,Dante's Inferno,2024,11,tt1592253
Movie,Sides,2024,8,tt2368853
Movie,Hoodie Girls Gang,2024,11,tt3663576
Movie,When the Moon Was Twice as Big,2024,12,tt4392566
Movie,Reparations in America,2024,7,tt4601194
Movie,The Tiger's Apprentice,2024,2,tt5834410
Movie,Folded in Grey,2024,7,tt6398614
Movie,This Time Next Year I'll Be Famous,2024,9,tt9371598
Movie,The Uncivil War,2024,1,tt15791240
Movie,Ben's an Imposter,2024,,tt9134042
Movie,Never Stop Dreaming,2024,5,tt15769770
Movie,Yodha,2024,3,tt16139258
Movie,Apophis 2029,2024,12,tt9810236
Movie,The Truck,2024,,tt15721572
Movie,Sheran Di Kaum Punjabi,2024,4,tt16867258
Movie,Jett,2024,9,tt7131764
Movie,Professor Kimmer's Initiation,2024,9,tt8547668
Movie,Case #111-878,2024,6,tt16913084
Movie,Last Flamingo of the Red Summer Sunset,2024,2,tt17037988
Movie,Pretty Russell,2024,,tt17073016
Movie,Scorpion,2024,6,tt17590672
Movie,Valhalla Awaits,2024,10,tt17731524
Movie,Article 92,2024,12,tt18024180
Movie,Persona,2024,7,tt18213692
Movie,The Falling Sun,2024,11,tt18556552
Movie,Slaraffenland,2024,5,tt19336000
Movie,L'ora di tutti,2024,9,tt19368948
Movie,Paralelo 7/9,2024,11,tt19898506
Movie,The Dream Fisher,2024,9,tt20407238
Movie,Should Have Waited,2024,5,tt20411966
Movie,The Satire,2024,12,tt20453194
Movie,The Donor,2024,4,tt21065476
Movie,Inside Out 2,2024,6,tt22022452
Movie,Cem Karaca'nin Gözyaslari,2024,1,tt22394800
Movie,Lal Salaam,2024,2,tt23461428
Movie,Onegin,2024,3,tt23747498
Movie,Yolun Sonu Nebi,2024,10,tt24176896
Movie,Meinong's Jungle,2024,6,tt22062956
Movie,Agent Narasimha-117,2024,1,tt24948640
Movie,Hayatla Baris,2024,2,tt25785988
Movie,Vamp Camp: Being a Melodrama in Three Parts,2024,,tt26238738
Movie,You Were Promised to Me,2024,1,tt26439277
Movie,Le Comte de Monte-Cristo,2024,6,tt26446278
Movie,The Forge,2024,8,tt26731216
Movie,Yoake no subete,2024,2,tt26731970
Movie,Rabb Da Radio 3,2024,3,tt26768685
Movie,Blindazh,2024,4,tt26909097
Movie,Carbon & water,2024,7,tt27006928
Movie,Liz,2024,,tt27205186
Movie,Concrete Blues,2024,12,tt27248147
Movie,Diamonds and Pearls,2024,1,tt27439361
Movie,Teri Baaton Mein Aisa Uljha Jiya,2024,2,tt27459160
Movie,Sneham,2024,1,tt27478261
Movie,Lyod 3,2024,2,tt27487288
Movie,Vogter,2024,5,tt27496775
Movie,Beautiful Bombshells,2024,4,tt27533338
Movie,Speak No Evil,2024,9,tt27534307
Movie,Lothorin,2024,7,tt27607129
Movie,Marques Um Inspetor 3.0: Em Apuros - O Filme,2024,6,tt27626125
Movie,Have You Seen My Man?,2024,1,tt27635887
Movie,"Ritter, Burgen, Edelfrauen - Liebessagen aus dem Mittelalter",2024,3,tt27746150
Movie,Turned Out: The Movie,2024,9,tt27750212
Movie,Lothorin,2024,,tt27814598
Movie,Cinderella's Curse,2024,8,tt27819388
Movie,Lyubvi ne byvaet?,2024,5,tt27827937
Movie,Maybe I Am the Villain,2024,,tt27850011
Movie,Danny Jigar,2024,1,tt27951272
Movie,Mexican Legend,2024,5,tt28015766
Movie,Under Pressure,2024,3,tt28060485
Movie,Paw Mama,2024,2,tt28076642
Movie,Bastar: The Naxal Story,2024,3,tt28221135
Movie,Sous le vent des Marquises,2024,1,tt28244012
Movie,Jesus,2024,4,tt28354262
Movie,Patang,2024,2,tt28369831
Movie,Man of the House,2024,,tt28496030
Movie,Hatixhe and Shaban - A Story of Money and Shame,2024,,tt28496969
Movie,Consequences of Freedom,2024,12,tt28496088
Movie,Terrificman,2024,2,tt28510504
Movie,Desire Lines,2024,1,tt28510594
Movie,Weapons of Warfare,2024,2,tt28539356
Movie,Sheriff,2024,4,tt28547912
Movie,MSPT the Movie 2: The Crystal Stars,2024,,tt28634210
Movie,Why Me?,2024,6,tt28642513
Movie,Killer - The Hunt,2024,7,tt28677683
Movie,O Auto da Compadecida 2,2024,12,tt28696532
Movie,The Clean Up,2024,5,tt28702491
Movie,Sacrifice,2024,12,tt28704258
Movie,When Fucking Spring is in the Air,2024,2,tt28756749
Movie,Pozyvnoy «Passazhir»,2024,3,tt28778274
Movie,Vietnam Story,2024,2,tt28820560
Movie,Komandir,2024,2,tt28940336
Movie,Zoloto Umalty,2024,4,tt28940477
Movie,Death of a Mule,2024,5,tt29000967
Movie,We've Been Here Before,2024,2,tt29001576
Movie,Leap,2024,5,tt29001713
Movie,Chao bang ming mo,2024,2,tt29040531
Movie,Taboo,2024,6,tt29062189
Movie,Misantropia,2024,4,tt29089987
Movie,Le fil,2024,9,tt29102598
Movie,Kill Em with A Smile,2024,5,tt29138603
Movie,Razakar: The Silent Genocide of Hyderabad,2024,4,tt29224742
Movie,Midwest Girl,2024,,tt29226313
Movie,Turboplatino,2024,11,tt29237603
Movie,"Jeunesse, mon amour",2024,5,tt29245495
Movie,Lyubov so vtorogo vzglyada,2024,3,tt29261187
Movie,YA zhenil svoikh roditeley,2024,9,tt29261211
Movie,Uralochka,2024,9,tt29261276
Movie,Sem chyornykh bumag,2024,5,tt29261307
Movie,Emotions of a Murder,2024,1,tt29265463
Movie,Dong wu yuan li you shen me?,2024,1,tt29307747
Movie,Innocent Shots,2024,1,tt29332069
Movie,Joy Lane,2024,3,tt29346986
Movie,The Future Soul,2024,9,tt29348391
Movie,Everybody Loves Touda,2024,5,tt29359373
Movie,Bunny & Clive,2024,6,tt29372059
Movie,Waymore Place,2024,1,tt29380101
Movie,Eiga Doraemon: Nobita no Chikyû Symphony,2024,3,tt29402528
Movie,the Occasion,2024,12,tt29418728
Movie,Hayatimiz Roman,2024,3,tt29439922
Movie,Social Creatures,2024,4,tt29441864
Movie,Finding Faith,2024,8,tt29453957
Movie,Que notre joie demeure,2024,4,tt29478506
Movie,3EME OEIL,2024,9,tt29481454
Movie,Finding Tony,2024,5,tt29486067
Movie,How 2 Catch A Baller,2024,8,tt29497194
Movie,Hatiran Yeter,2024,2,tt29506334
Movie,Nenormalnyy,2024,3,tt29519507
Movie,Auction,2024,5,tt29521687
Movie,Taynaya lyubov Kazanovy,2024,7,tt29522764
Movie,No New Friends,2024,2,tt29533430
Movie,Sixty Minutes,2024,1,tt29538571
Movie,Lost and Found,2024,2,tt29547063
Movie,Greetings from Arizona,2024,1,tt29567033
Movie,National Theatre Live: Vanya,2024,2,tt29578220
Movie,Three Secrets,2024,4,tt29605355
Movie,Ittaa Kittaa,2024,1,tt29615171
Movie,Hail Mary,2024,2,tt29643961
Movie,Runnin' from Wolves,2024,2,tt29667653
Movie,Moy lyubimyy chempion,2024,6,tt29685010
Movie,Kaalamundan,2024,2,tt29687204
Movie,Badland Hunters,2024,1,tt29722855
Movie,De Dans van Natasja,2024,1,tt29723724
Movie,Double Standards,2024,3,tt29871473
Movie,Dawgs 4 Life,2024,3,tt29871058
Movie,Busted & Disgusted,2024,4,tt29872939
Movie,Money Calling,2024,3,tt29885132
Movie,Mytomanen,2024,9,tt29890111
Movie,Sacred Creatures,2024,9,tt29892897
Movie,Who I Am,2024,3,tt29925086
Movie,The Caged Bird,2024,1,tt29924339
Movie,Sunrise,2024,1,tt29924310
Movie,A Muzzarell,2024,2,tt29924763
Movie,Core,2024,2,tt29927796
Movie,Piep*zyc Mickiewicza,2024,1,tt29930759
Movie,2020,2024,3,tt29939980
Movie,She's God: The Book of Eden,2024,6,tt29940825
Movie,"Right Here, Right Now",2024,5,tt29940843
Movie,Moondove,2024,5,tt29952444
Movie,Little People. Big Era,2024,4,tt30003441
Movie,Mangampeta,2024,4,tt30048388
Movie,Ask Mevsimi,2024,2,tt30050756
Movie,The Disembodied Adventures of Alice,2024,2,tt30061275
Movie,Golpe a Golpe (Blow by Blow),2024,3,tt30117230
Movie,Finding Jane,2024,4,tt30134346
Movie,Finding Dr John,2024,4,tt30134442
Movie,Vinnie Langdon: After the Beep,2024,10,tt30137704
Movie,Double Engine,2024,3,tt30138535
Movie,Der Deserteur,2024,1,tt30138362
Movie,In the Land of Brothers,2024,1,tt30141676
Movie,Lifting Jane,2024,4,tt30145066
Movie,Finding Dr John,2024,4,tt30145098
Movie,Godsterminal,2024,1,tt30192270
Movie,Pochemu ty?,2024,4,tt30225465
Movie,Kazhdyy mechtaet o sobake,2024,5,tt30225556
Movie,3310'dan Tüm Birimlere,2024,1,tt30243785
Movie,Paddling,2024,1,tt30247333
Movie,Tranquility: Ghost Stories,2024,1,tt30248546
Movie,Pendekar Awang: Darah Indera Gajah,2024,1,tt30253785
Movie,StarGazer: The Need of the Many,2024,1,tt30260415
Movie,Night & the city,2024,3,tt30261435
Movie,Churmuri,2024,3,tt30264720
Movie,The Year of Staring at noses,2024,1,tt30267634
Movie,Sorry,2024,3,tt30275687
Movie,Gepack,2024,1,tt30292489
Movie,Maria's Silence,2024,2,tt30308333
Movie,Hood Riches,2024,1,tt30316912
Movie,Sebastian,2024,1,tt30317033
Movie,Hood Riches 2,2024,1,tt30317103
Movie,Hell of SE,2024,1,tt30318139
Movie,Dìdi,2024,7,tt30319503
Movie,Good One,2024,8,tt30319516
Movie,Navardev Bsc. Agri,2024,1,tt30320232
Movie,Sujo,2024,10,tt30320410
Movie,Eternal You,2024,6,tt30320493
Movie,Tendaberry,2024,1,tt30320639
Movie,Ghostlight,2024,6,tt30321095
Movie,In a Violent Nature,2024,5,tt30321146
Movie,"Almanak, Vrouwen Om Van Te Houden",2024,3,tt30325173
Movie,Mr. Hit Me Up,2024,6,tt30325409
Movie,Girl in the Video,2024,1,tt30326011
Movie,Dying in Plain Sight,2024,1,tt30326028
Movie,Confessions of a Cam Girl,2024,1,tt30326030
Movie,Hazegras,2024,1,tt30329283
Movie,Dietroit,2024,2,tt30330041
Movie,Detroit Ransom,2024,1,tt30330161
Movie,Naked Nations - Tribe Hong Kong,2024,1,tt30331039
Movie,Under Pressure,2024,2,tt30343940
Movie,Citizen of a Kind,2024,1,tt30364726
Movie,Equipo,2024,1,tt30396299
Movie,9 sekund,2024,9,tt30397379
Movie,Lothorin: Part Two,2024,12,tt30399520
Movie,Born Hungry,2024,1,tt30399715
Movie,Bu Tejo Sowan Jakarta,2024,1,tt30400709
Movie,Eco,2024,5,tt30402100
Movie,Lothorin,2024,12,tt30414993
Movie,Fly Old Bird: Escape to the Ark,2024,1,tt30420854
Movie,Drunks Have Whiter Teeth,2024,2,tt30423626
Movie,Emo Valley,2024,2,tt30430343
Movie,All Shall Be Well,2024,5,tt30439035
Movie,Faruk,2024,2,tt30440590
Movie,Yo vi tres luces negras,2024,2,tt30441039
Movie,Nayab,2024,1,tt30448138
Movie,Palayam PC,2024,1,tt30454120
Movie,Bei wo nong diu de ni,2024,3,tt30460177
Movie,Jatta Dolie Naa,2024,1,tt30462882
Movie,Führer und Verführer,2024,9,tt30467885
Movie,Perennial Light,2024,2,tt30468799
Movie,Rebellion: War Across Nations,2024,5,tt30470734
Movie,On+Ona,2024,2,tt30474564
Movie,Podrostki. Pervaya lyubov,2024,8,tt30474682
Movie,Muzhskoe slovo,2024,10,tt30475140
Movie,Postuchis v moyu Tver,2024,11,tt30475191
Movie,Vstretimsya vchera,2024,10,tt30475201
Movie,Kintsukuroi,2024,4,tt30476184
Movie,Haikyu!! The Movie: Decisive Battle at the Garbage Dump,2024,6,tt30476486
Movie,#OOTD: Outfit of the Designer,2024,1,tt30476508
Movie,Table for Six 2,2024,2,tt30478127
Movie,Sahmeran Efsanesi-Tulhan,2024,1,tt30484671
Movie,Song of All Ends,2024,1,tt30486118
Movie,Delivery Boy,2024,2,tt30486891
Movie,Antwan,2024,1,tt30487211
Movie,Avram Iancu Împotriva imperiului,2024,1,tt30478196
Movie,Matka v trapu,2024,2,tt30490537
Movie,Pulse of the Dance,2024,2,tt30490854
Movie,As Aves,2024,3,tt30493206
Movie,Balance,2024,2,tt30494433
Movie,Maçãs no Escuro,2024,1,tt30494881
Movie,Beijing jin xing shi,2024,7,tt30497082
Movie,Electric Feel,2024,12,tt30497438
Movie,Little Falls,2024,8,tt30498406
Movie,"Chroniques fidèles survenues au siècle dernier à l'hôpital psychiatrique Blida-Joinville, au temps où le Docteur Frantz Fanon était chef de la cinquième division entre 1953 et 1956",2024,2,tt30517184
Movie,Comme le feu,2024,2,tt30521164
Movie,Bedspacer,2024,1,tt30524053
Movie,"Palipat-lipat, papalit-palit",2024,1,tt30524107
Movie,Neer Mel Neruppu,2024,1,tt30526246
Movie,Troy the Bharat Putra,2024,5,tt30577309
Movie,Dereva,2024,3,tt30581124
Movie,Car Show Kings,2024,7,tt30581386
Movie,Onty Bunty Love Story,2024,1,tt30587816
Movie,Nilavuku Enmel Ennadi Kobam,2024,12,tt30590474
Movie,LLB: Life Line of Bachelors,2024,2,tt30608802
Movie,The Crypto: Beyond,2024,10,tt30609082
Movie,Milk Teeth,2024,1,tt30624201
Movie,From the Ashes,2024,1,tt30629563
Movie,Sridevi Prasanna,2024,2,tt30632761
Movie,The filth of the Internet,2024,8,tt30647093
Movie,Karinyo Brutal,2024,1,tt30691232
Movie,Tian ma liu xing,2024,9,tt30691420
Movie,Broken by Love,2024,3,tt30693534
Movie,Rambut Kafan,2024,1,tt30743567
Movie,The Strings Attached,2024,4,tt30743731
Movie,Trikanya,2024,3,tt30745222
Movie,Dziewczyna influencera,2024,2,tt30749092
Movie,Jhopadpatti,2024,3,tt30762487
Movie,Isithembiso,2024,1,tt30762685
Movie,Deenamma Jeevitham,2024,1,tt30765728
Movie,Missing You this Christmas,2024,11,tt30765859
Movie,Sleep,2024,1,tt30766908
Movie,Jorge da Capadócia,2024,4,tt30768673
Movie,The Last Frenzy,2024,5,tt30768761
Movie,Mangai,2024,3,tt30769049
Movie,Rangasamudra,2024,1,tt30769191
Movie,Draussen brennt's,2024,1,tt30778586
Movie,Sach Ki Jeet,2024,1,tt30781779
Movie,Snatched a Billionaire to be My Husband,2024,1,tt30782199
Movie,Cinema Bruciato,2024,1,tt30787489
Movie,Humanity Without a Home: Malachi's Redemption,2024,3,tt30787965
Movie,Pastkarte no Romas,2024,1,tt30788360
Movie,The Devil is on my Track,2024,1,tt30789359
Movie,TGPG Dylan Character Elimination,2024,1,tt30790473
Movie,Avantyura,2024,1,tt30791209
Movie,W.O.B.L.E.M. (When Will Our Black Lives Ever Matter?),2024,1,tt30797179
Movie,Prem No Padkar,2024,1,tt30801353
Movie,The Burned Hand,2024,1,tt30801826
Movie,Into the Public Domain,2024,11,tt30803405
Movie,Bengal Police Chapter 01: M16,2024,4,tt30798377
Movie,Shambhala,2024,2,tt30804400
Movie,Shahid,2024,8,tt30808146
Movie,Hakki,2024,4,tt30810790
Movie,Sex,2024,3,tt30810768
Movie,We Were Dangerous,2024,3,tt30813817
Movie,Ground,2024,2,tt30816925
Movie,A Starlet's Demise,2024,3,tt30818709
Movie,Identical,2024,1,tt30825700
Movie,Roleplay,2024,3,tt30825927
Movie,Prawda24,2024,1,tt30826112
Movie,Sevappi,2024,1,tt30828158
Movie,Sihinayaki Adare,2024,1,tt30828655
Movie,Pegasus 2,2024,2,tt30829309
Movie,The Little Spinster,2024,1,tt30829541
Movie,Nowruz,2024,2,tt30829777
Movie,Naboodanat,2024,2,tt30829833
Movie,Luces azules,2024,2,tt30831095
Movie,Kagojer Bou,2024,1,tt30832543
Movie,Sugarland,2024,11,tt30833160
Movie,Zhina Til Now,2024,2,tt30834637
Movie,The Mistress,2024,1,tt30834708
Movie,Family,2024,3,tt30834999
Movie,Songs from the Hole,2024,3,tt30835190
Movie,Kaagada,2024,2,tt30835251
Movie,Eclipsing,2024,3,tt30835792
Movie,Click,2024,2,tt30836377
Movie,Ikaw pa rin ang pipiliin ko,2024,2,tt30840611
Movie,The Snatcher,2024,3,tt30841078
Movie,Mr. November,2024,1,tt30842544
Movie,Xiao zi,2024,2,tt30842823
Movie,Bijoyar Pore,2024,1,tt30843854
Movie,RAM: Rapid Action Mission,2024,1,tt30850798
Movie,Visiting Hours,2024,5,tt30851085
Movie,Foram os Sussurros que Me Mataram,2024,1,tt30851950
Movie,Enemy of the Church,2024,1,tt30851979
Movie,Who?,2024,3,tt30851998
Movie,Sedin Kuyasha Chilo,2024,2,tt30853122
Movie,Cidade; Campo,2024,2,tt30858110
Movie,Tsena doveriya,2024,1,tt30868802
Movie,Kalo Bou,2024,1,tt30869202
Movie,Exile: Director's Cut,2024,2,tt30870197
Movie,Razaa-e-Ishq,2024,1,tt30872798
Movie,Room Service,2024,1,tt30876838
Movie,Sobhe Edam,2024,2,tt30877358
Movie,Dream Academy,2024,2,tt30886514
Movie,Miranda de viernes a lunes,2024,por estrenar,tt30886556
Movie,By Day They Meet with Darkness,2024,1,tt30886572
Movie,Criaturas Sorridentes,2024,1,tt30887050
Movie,Titus Puppet Vengeance,2024,3,tt30888732
Movie,30 Hours Survival: Gauraiya Live,2024,4,tt30889608
Movie,The Sabarmati Report,2024,8,tt30889755
Movie,The Diary of West Bengal,2024,2,tt30893648
Movie,Dogeudeijeu,2024,2,tt30911335
Movie,Last Swim,2024,2,tt30918821
Movie,Black Men Don't Cheat,2024,2,tt30947569
Movie,Tienes 24 horas,2024,2,tt30949192
Movie,Quell'estate con Irène,2024,2,tt30949231
Movie,Nepton,2024,2,tt30950894
Movie,Cu Li Không Bao Gio Khóc,2024,2,tt30953660
Movie,The Wrong Movie,2024,2,tt30954062
Movie,Ensaios sobre Yves,2024,5,tt30954419
Movie,Pieces 2024,2024,1,tt30954530
Movie,Henry Fonda for President,2024,2,tt30955793
Movie,Jamai Bou Batpar,2024,1,tt30958781
Movie,Can lan de ta,2024,3,tt30959032
Movie,Xiao Ban Jie,2024,2,tt30959077
Movie,Evor,2024,3,tt30969928
Movie,Article 370,2024,2,tt30970235
Movie,Raíz,2024,2,tt30970632
Movie,Mr Patrick Wahala in America,2024,1,tt30970938
Movie,Boundary Waters,2024,por estrenar,tt30971388
Movie,Apatiya,2024,2,tt30971472
Movie,A Stripper's Dance,2024,2,tt30972437
Movie,It's All or Nothing,2024,4,tt30972487
Movie,Wisdom's House: Director's Cut,2024,1,tt30972648
Movie,Mu zhong wu ren 2,2024,2,tt30972810
Movie,Going South,2024,2,tt30974961
Movie,La Herida,2024,2,tt30976412
Movie,Evidências do Amor,2024,4,tt30982333
Movie,Akash Vani,2024,2,tt30982518
Movie,Memories of a Burning Body,2024,2,tt30982785
Movie,Sehnsucht nach Firdaws,2024,1,tt30984911
Movie,Get Close 2,2024,6,tt30985567
Movie,Ahmad,2024,2,tt30985611
Movie,Father-in-law and Son-in-law,2024,2,tt30989079
Movie,National Theatre Live: Nye,2024,4,tt30985842
Movie,Alive in Mo...,2024,1,tt30985888
Movie,Suzie Q,2024,por estrenar,tt30985297
Movie,Danga,2024,3,tt30988771
Movie,Eating Me Up,2024,5,tt30990381
Movie,Flight 404,2024,1,tt31013030
Movie,Hors du temps,2024,2,tt31015247
Movie,Keyke mahboobe man,2024,9,tt31015278
Movie,Langue étrangère,2024,2,tt31015291
Movie,A Traveler's Needs,2024,4,tt31015344
Movie,Demba,2024,2,tt31015413
Movie,Dormir De Olhos Abertos,2024,6,tt31015461
Movie,The Fable,2024,2,tt31015496
Movie,Ivo,2024,6,tt31016613
Movie,Khamyazeye bozorg,2024,2,tt31016912
Movie,Through the Graves the Wind Is Blowing,2024,2,tt31018975
Movie,tú me abrasas,2024,,tt31018983
Movie,Mãos no fogo,2024,2,tt31018048
Movie,Pantasya ni Tami,2024,1,tt31021897
Movie,Dilig,2024,1,tt31021984
Movie,Bonnie,2024,2,tt31022272
Movie,Yasamak Istiyorum,2024,5,tt31023049
Movie,ME: The Story of Mabel Egnomba,2024,11,tt31024127
Movie,Trainhopper,2024,por estrenar,tt31025278
Movie,Druzyna AA,2024,9,tt31030671
Movie,Brick,2024,1,tt31031031
Movie,"Foxy, or the Intolerant Mind Damned to Impotence",2024,1,tt31031320
Movie,Katas,2024,2,tt31031372
Movie,Aakhir Palaayan Kab Tak..?,2024,2,tt31024654
Movie,Mendung Tanpo Udan,2024,2,tt31032022
Movie,Perjalanan Pembuktian Cinta,2024,3,tt31032534
Movie,DUI Dune Panch,2024,2,tt31036632
Movie,The Man Who Saved the Internet with a Sunflower,2024,1,tt31038890
Movie,God with Three Eyes,2024,7,tt31040111
Movie,Rukhe Daraw,2024,1,tt31040998
Movie,La Parra (The Rim),2024,1,tt31041776
Movie,August My Heaven,2024,2,tt31042001
Movie,O Emigrante,2024,1,tt31047952
Movie,The Alexandrian,2024,1,tt31048146
Movie,The Stranger,2024,1,tt31051816
Movie,Grey Bees,2024,2,tt31065370
Movie,Edwin and the Ambiguous Door,2024,por estrenar,tt31066847
Movie,Rikshawali Ma,2024,2,tt31067205
Movie,Sarkari Rozgaar,2024,11,tt31068530
Movie,El Último Táper,2024,5,tt31069435
Movie,Gangsta,2024,7,tt31069603
Movie,Salawahan,2024,2,tt31070448
Movie,Peleamos,2024,2,tt31076688
Movie,Shock,2024,1,tt31077906
Movie,The March,2024,3,tt31070071
Movie,Mahayogi: Highway 1 to Oneness,2024,3,tt31076996
Movie,Demo ke pelê gozan bîyî zer,2024,1,tt31099522
Movie,Till Death Do Us 2,2024,9,tt31097966
Movie,Le devianze,2024,1,tt31099717
Movie,The Journey of Belli,2024,5,tt31079474
Movie,Parviz Khan,2024,2,tt31095111
Movie,Blue Imagine,2024,por estrenar,tt31100628
Movie,Osomoy,2024,1,tt31100897
Movie,My Dear Pappa,2024,2,tt31101336
Movie,Celestina & Lawrence,2024,1,tt31102368
Movie,"Tumi Najaba, Joymoti",2024,1,tt31105826
Movie,Pretty Miss Lolly,2024,11,tt31107902
Movie,The Parades,2024,2,tt31102181
Movie,Me Dicen El Panzer,2024,1,tt31108300
Movie,Indonesia dari Timur,2024,2,tt31108426
Movie,Kukejar Mimpi,2024,3,tt31109262
Movie,Failed Emptiness,2024,1,tt31110145
Movie,I Hate Love,2024,2,tt31113091
Movie,Dis-moi pourquoi ces choses sont si belles,2024,6,tt31113157
Movie,No nos moverán,2024,3,tt31113406
Movie,Kseukul,2024,2,tt31114619
Movie,What Do We Do Now?,2024,4,tt31114962
Movie,Malditos fantasmas,2024,10,tt31115532
Movie,Das Licht,2024,10,tt31116299
Movie,Per un nuovo domani,2024,1,tt31116292
Movie,"She Sat There, Like All Ordinary People",2024,2,tt31116678
Movie,Mann Behka,2024,1,tt31118437
Movie,Venid y veréis,2024,2,tt31122938
Movie,Kurinji,2024,2,tt31123773
Movie,Khelaghar Bandhte Legechi,2024,10,tt31137056
Movie,Miro,2024,2,tt31137244
Movie,Motshameko O Kotsi,2024,2,tt31124437
Movie,I Live Here Now,2024,por estrenar,tt31131384
Movie,Double Blended,2024,4,tt31144869
Movie,Shesh Rokkha,2024,1,tt31145117
Movie,Il Lago Incantato,2024,1,tt31149981
Movie,Air War,2024,4,tt31150307
Movie,Paper Plates,2024,1,tt31151026
Movie,Day Trippers,2024,3,tt31151649
Movie,Titip Surat Untuk Tuhan,2024,3,tt31152435
Movie,Maaye and Company,2024,2,tt31153873
Movie,Two Sisters,2024,por estrenar,tt31156629
Movie,Fedya. Narodnyy futbolist,2024,10,tt31156718
Movie,Takas,2024,2,tt31157326
Movie,Kuyang: Sekutu Iblis yang Selalu Mengintai,2024,3,tt31158596
Movie,Alemari E Baduku,2024,2,tt31158691
Movie,Blood of My Blood - Expansion Ain't Easy,2024,1,tt31159013
Movie,The West Sky,2024,2,tt31159944
Movie,Kemiti E Samparka,2024,2,tt31160264
Movie,The Trip,2024,2,tt31163089
Movie,"My Lover, My Grave",2024,2,tt31169846
Movie,The Stranger,2024,1,tt31170218
Movie,A Song and a Prayer,2024,2,tt31170400
Movie,Una llave hacia el pasado,2024,1,tt31171453
Movie,Edelweiss Piraten,2024,2,tt31170769
Movie,The Unforgettable Day,2024,3,tt31171712
Movie,Lantrani,2024,2,tt31171944
Movie,Meet Me Outside,2024,1,tt31172094
Movie,Therapy,2024,2,tt31172060
Movie,Di padre in figlio - Parte II,2024,12,tt31172843
Movie,Dhaya Bharati,2024,2,tt31173309
Movie,Mai,2024,2,tt31174028
Movie,Forever Yena,2024,2,tt31174255
Movie,Sucré Seize,2024,3,tt31180541
Movie,Wangeul Chajaseo,2024,8,tt31179204
Movie,Der Wald in mir,2024,1,tt31181865
Movie,Ippadiku Kadhal,2024,2,tt31181968
Movie,For the Love of Basketball,2024,2,tt31182243
Movie,Bahar (Blossom),2024,1,tt31182664
Movie,Naishabdo,2024,2,tt31183316
Movie,11.11.18,2024,7,tt31183445
Movie,Srabon Josnay,2024,2,tt31183989
Movie,The Third Man: The Official Story of the Film,2024,2,tt31186025
Movie,"Dear Name,",2024,por estrenar,tt31186560
Movie,Raajadhani Files,2024,2,tt31186842
Movie,Yasmeen's Element,2024,3,tt31187625
Movie,Agontuk 2024,2024,2,tt31189049
Movie,The Broadcast,2024,3,tt31194628
Movie,Shi shang zui qiang di zi,2024,2,tt31216410
Movie,Otitpur,2024,1,tt31219532
Movie,Vingança Mascarada,2024,5,tt31227997
Movie,Summer Rain,2024,6,tt31228225
Movie,Her Dark Past,2024,3,tt31214706
Movie,Shayar,2024,4,tt31228642
Movie,"¡Ay, Dios!",2024,2,tt31229670
Movie,Salitan,2024,2,tt31240702
Movie,Kabit,2024,2,tt31240724
Movie,La Snagov,2024,3,tt31240758
Movie,What's Done After Dark,2024,3,tt31240898
Movie,What's Left of Home,2024,por estrenar,tt31241292
Movie,Hibiscus,2024,por estrenar,tt31241942
Movie,Shrutasrini,2024,por estrenar,tt31248110
Movie,Corcot,2024,3,tt31242404
Movie,Tanduk Setan,2024,3,tt31250216
Movie,Oti Uttam,2024,3,tt31250966
Movie,Asymptomatic,2024,2,tt31251978
Movie,Naiki ka Badla,2024,2,tt31260045
Movie,Dangal the biranpur files,2024,,tt31250544
Movie,Moses,2024,por estrenar,tt31261598
Movie,Dukkhito,2024,2,tt31261780
Movie,A Body to Kill for 2,2024,2,tt31261792
Movie,Bigul,2024,3,tt31262329
Movie,The Pitch,2024,por estrenar,tt31262833
Movie,Tomari Sathe,2024,1,tt31262895
Movie,Por tu bien,2024,6,tt31272132
Movie,Kazhu Maram,2024,2,tt31272443
Movie,Natak,2024,por estrenar,tt31277063
Movie,Abrogation,2024,5,tt31290027
Movie,Inkohliso,2024,2,tt31262686
Movie,Kakushigoto,2024,6,tt31307480
Movie,Extra,2024,2,tt31307905
Movie,Gaiyan,2024,2,tt31308226
Movie,Booking (Love Stories),2024,2,tt31308168
Movie,Kartolo Numpak Terang Bulan,2024,3,tt31308441
Movie,Son Sarki: Ahmet'in Türküsü,2024,3,tt31308562
Movie,Einmal,2024,,tt31314097
Movie,Zeenat,2024,,tt31314199
Movie,Ettum Varai Ettu,2024,2,tt31314573
Movie,Entremedio,2024,2,tt31314288
Movie,Troll Factory,2024,3,tt31315820
Movie,Como el mar,2024,3,tt31315857
Movie,Un lugar común,2024,5,tt31317713
Movie,Dua Surga Dalam Cintaku,2024,3,tt31321837
Movie,Paradoxe,2024,1,tt31323112
Movie,Cutting Squares,2024,por estrenar,tt31381347
Movie,Bhabhi Ki Barat,2024,por estrenar,tt31381579
Movie,Applepictures the Poseidon Legacy,2024,2,tt31381727
Movie,Sabotage,2024,2,tt31382219
Movie,The Bogging Probity,2024,2,tt31383043
Movie,Dark Justice,2024,2,tt31383603
Movie,Prazdnik,2024,2,tt31389203
Movie,Service to Heart,2024,3,tt31389472
Movie,Bharkhama,2024,,tt31389684
Movie,Salisihan,2024,2,tt31389998
Movie,A Glimpse of Forever,2024,3,tt31390069
Movie,Guru Chela,2024,2,tt31381731
Movie,Hot Spot,2024,3,tt31391056
Movie,SiNGLEd,2024,2,tt31391411
Movie,Borotvaélen táncolva,2024,2,tt31391953
Movie,Tunis Djerba,2024,por estrenar,tt31392191
Movie,How to Make Millions Before Grandma Dies,2024,4,tt31392609
Movie,Love in the Time of Corona,2024,4,tt31407169
Movie,Jimmy's Friends,2024,3,tt31408607
Movie,Rei,2024,por estrenar,tt31409352
Movie,Rivulet of Universe,2024,4,tt31409466
Movie,Electric Fields,2024,1,tt31410355
Movie,Wet Dogs,2024,1,tt31411209
Movie,City Manzions,2024,4,tt31413828
Movie,Tilottoma,2024,3,tt31415332
Movie,I'm in Love with A Stripper,2024,,tt31416506
Movie,Armastus ja sunnitöö,2024,2,tt31415192
Movie,L'Albero,2024,11,tt31421328
Movie,Ngesot,2024,5,tt31417614
Movie,False Start,2024,por estrenar,tt31433739
Movie,"Dao, Pho Va Piano",2024,2,tt31438076
Movie,Spiaci ucet,2024,4,tt31445029
Movie,Get Over Yourself,2024,5,tt31445251
Movie,Viata unei singure femei,2024,2,tt31448844
Movie,Miles Morales: A New Hero,2024,,tt31450653
Movie,For Boys,2024,por estrenar,tt31452171
Movie,Megalo (Or Tragic Comedy Acts of a Gen Z Megalomanaic),2024,,tt31456622
Movie,Pipeline,2024,2,tt31457569
Movie,Lulu in Turin,2024,2,tt31457580
Movie,Kingudamu Daishôgun no Kikan,2024,7,tt31457736
Movie,William and Fred,2024,1,tt31457823
Movie,Kapalit,2024,3,tt31458167
Movie,Switch Case N,2024,5,tt31451283
Movie,God Must Die,2024,5,tt31452442
Movie,Crosspoint,2024,por estrenar,tt31455353
Movie,Tender Baby,2024,2,tt31459945
Movie,Fatima,2024,2,tt31462171
Movie,The Mid Life,2024,2,tt31462647
Movie,Raja 420,2024,4,tt31462825
Movie,Closing Windows.,2024,2,tt31462543
Movie,Saba,2024,por estrenar,tt31464877
Movie,It Blooms in June,2024,2,tt31465673
Movie,Daayre,2024,2,tt31465689
Movie,The Great Sultana,2024,,tt31465151
Movie,"Dobla la esquina, el volcán",2024,2,tt31472053
Movie,Karuvachi,2024,12,tt31472951
Movie,Kaasra,2024,por estrenar,tt31474572
Movie,Guadalupe: Mother of Humanity,2024,3,tt31474594
Movie,The Spoils,2024,3,tt31487604
Movie,Il n'y a pas d'ombre dans le désert,2024,2,tt31490993
Movie,Il Mattatoio,2024,por estrenar,tt31491171
Movie,Mapanukso,2024,3,tt31492137
Movie,UBUBI,2024,4,tt31474020
Movie,The Whistle,2024,2,tt31474377
Movie,The Wild Blade of Strangers,2024,3,tt31494700
Movie,Lorii,2024,5,tt31495401
Movie,Under a Piaya Moon,2024,3,tt31500673
Movie,Anakh,2024,2,tt31500908
Movie,Adam and Alma,2024,2,tt31501393
Movie,You Ni Zhen Hao,2024,4,tt31502084
Movie,After All,2024,2,tt31509096
Movie,Uberman,2024,2,tt31510846
Movie,Hometown,2024,1,tt31512266
Movie,Evil Orders,2024,por estrenar,tt31512365
Movie,La fonte des glaces,2024,3,tt31511644
Movie,Sonar Char,2024,4,tt31513574
Movie,Morometii 3,2024,por estrenar,tt31513857
Movie,Good Luck,2024,4,tt31513891
Movie,Minnu,2024,2,tt31514108
Movie,Khapsyhyy,2024,2,tt31514127
Movie,He Loves Me Not,2024,9,tt31514490
Movie,Wax,2024,,tt31514555
Movie,Summa Cum Loser,2024,,tt31520137
Movie,Wounded Warriors,2024,3,tt31521321
Movie,Twisted Marriage,2024,10,tt31513280
Movie,Envy,2024,2,tt31522649
Movie,Tides,2024,2,tt31522718
Movie,Jack London's Son of the Wolf,2024,,tt31522736
Movie,When We Bloom,2024,3,tt31523061
Movie,Doa Hoa Mong Manh,2024,3,tt31523149
Movie,The Saguaro Club,2024,por estrenar,tt31530648
Movie,Anyone Else But Me,2024,3,tt31530358
Movie,Sophiya,2024,9,tt31529833
Movie,Kalikot,2024,3,tt31539969
Movie,The Past Comes Knocking,2024,3,tt31539980
Movie,UBUBI,2024,3,tt31531127
Movie,Nous serons toujours là! Plogoff 1980,2024,3,tt31542031
Movie,Another Space: Part One,2024,10,tt31545409
Movie,Baietii buni ajung în Rai,2024,3,tt31556617
Movie,The Pushover,2024,6,tt31565877
Movie,Chatri Bou,2024,3,tt31566849
Movie,Son Dilek,2024,,tt31579462
Movie,Cadi,2024,4,tt31579702
Movie,Peck,2024,3,tt31581124
Movie,Pakal Iravu,2024,,tt31583554
Movie,Just in Time,2024,3,tt31588163
Movie,Thappinchuku Thiruguvadu Dhanyudu Sumathi,2024,1,tt31579674
Movie,Cat Pupa,2024,2,tt31580017
Movie,Rita,2024,3,tt31589922
Movie,Lukas,2024,3,tt31592092
Movie,Apo Hapon,2024,3,tt31592472
Movie,The Uncertainty Principle,2024,4,tt31595145
Movie,Powolany 2,2024,3,tt31596748
Movie,Wanderer,2024,3,tt31596768
Movie,Holy Punch,2024,3,tt31597833
Movie,Patch,2024,7,tt31598084
Movie,"Me, Maryam, the Children and 26 Others",2024,1,tt31598088
Movie,Somewhere in Kole,2024,2,tt31596013
Movie,Record break,2024,3,tt31598714
Movie,Kailasa Kasidre,2024,3,tt31599219
Movie,Sabaash Kundu,2024,,tt31608523
Movie,The Lost Girl,2024,4,tt31612810
Movie,Pretty Kitty Cartel,2024,,tt31613855
Movie,Lambasingi,2024,3,tt31613800
Movie,Je Jatt Vigad Gya,2024,5,tt31616101
Movie,Kidnapped,2024,3,tt31629596
Movie,Diary of a Woman,2024,10,tt31629703
Movie,Villain City,2024,3,tt31629742
Movie,Died Doin Dirty Work,2024,4,tt31630821
Movie,Made of Paper,2024,10,tt31630999
Movie,Souviens-toi des cacahuètes,2024,1,tt31632132
Movie,Hilo Rojo,2024,4,tt31632566
Movie,Janma Runna,2024,3,tt31632551
Movie,Meghna Konnya,2024,4,tt31638238
Movie,Isabella: Diary of A Foster Girl,2024,por estrenar,tt31638408
Movie,Robin's Kitchen,2024,por estrenar,tt31639092
Movie,Trentatré,2024,3,tt31639198
Movie,Fatal Obsession,2024,3,tt31639295
Movie,"Bernadotte, Louise & Napoleon",2024,4,tt31644773
Movie,Personal Documentary,2024,2,tt31644988
Movie,For the Love of the Motherland,2024,2,tt31645010
Movie,Kaarwaa,2024,,tt31645002
Movie,Idi Minnal Kadhal,2024,3,tt31646764
Movie,823-y kilometr,2024,2,tt31647040
Movie,Russkie sny,2024,2,tt31647094
Movie,Mix Up,2024,3,tt31647370
Movie,Cai Gia Cua Hanh Phuc,2024,4,tt31647380
Movie,Regina,2024,5,tt31647714
Movie,Mona: Jinn-2,2024,4,tt31660727
Movie,An Education,2024,3,tt31670833
Movie,Robbin' Hoods,2024,3,tt31690646
Movie,Universal Language,2024,5,tt31691389
Movie,House of Ga'a,2024,,tt31691318
Movie,Udaan Zindagi Ki,2024,3,tt31701442
Movie,Bengal 1947,2024,3,tt31702328
Movie,JNU,2024,4,tt31702853
Movie,The U P Files,2024,6,tt31704663
Movie,The Emancipation of Miss Millie,2024,4,tt31709218
Movie,1-800-Missing,2024,7,tt31710384
Movie,Cornell's Box,2024,2,tt30149686
Movie,Arcadia,2024,2,tt31015391
Movie,Can You Still Love Me?,2024,,tt31048838
Movie,Ahare Jibon,2024,4,tt31049717
Movie,Piece by Piece,2024,10,tt31064841
Movie,"Under trottoaren, stranden",2024,1,tt31065083
Movie,The Hero's Journey aka My Life aka the Caleb Johnston Story (I'm Caleb),2024,1,tt31066209
Movie,Global Harmony,2024,2,tt31242381
Movie,Dayarani,2024,2,tt31243117
Movie,Hand-Me-Downs,2024,2,tt31249455
Movie,Eudaimonia,2024,6,tt31324264
Movie,Love Buzz,2024,2,tt31325062
Movie,Wild Boys,2024,5,tt31326027
Movie,Buk Poketer Golpo,2024,2,tt31326445
Movie,Muriel and Joyce Get a Boat,2024,4,tt31329560
Movie,King of Hawkers,2024,2,tt31358065
Movie,Kacher Manush Dure Thuiya,2024,2,tt31368823
Movie,"Here I am, I'm Jean-Frank",2024,2,tt31369148
Movie,Metavasi,2024,3,tt31369163
Movie,Zone,2024,1,tt31541371
Movie,3 Days 2 Nights in Poblacion,2024,3,tt31542370
Movie,Baka doon sa buwan,2024,2,tt31546147
Movie,Bao lei,2024,3,tt31547855
Movie,Gump - Jsme dvojka,2024,3,tt31548492
Movie,Melukis Harapan Di Langit India,2024,por estrenar,tt31549532
Movie,The Physical Properties of Coffee,2024,2,tt31550167
Movie,Rock Creek Express,2024,3,tt31556158
Movie,Kindoki Witch Boy,2024,,tt31556194
Movie,O Abhagi,2024,3,tt31556854
Movie,Haray Khuji Tare,2024,3,tt31558015
Movie,Fix It,2024,5,tt31709371
Movie,Medicine Man,2024,3,tt31711368
Movie,Missing,2024,5,tt31711662
Movie,Ishara,2024,3,tt31711885
Movie,Diamonds Last Forever,2024,3,tt31712581
Movie,52 Hertz no Kujiratachi,2024,3,tt31712586
Movie,Arillo de hombre muerto,2024,3,tt31719772
Movie,You Ain't Gonna Believe This,2024,12,tt31719858
Movie,The Port,2024,6,tt31719927
Movie,Alem Jamai,2024,3,tt31720995
Movie,Maverick from the edge,2024,2,tt31721742
Movie,Kasalo,2024,3,tt31722125
Movie,Nee Dhaarey Nee Katha,2024,,tt31722398
Movie,Hao hao shuo zai jian,2024,3,tt31723181
Movie,Na Mata dos Medos,2024,5,tt31727239
Movie,Yes Papa,2024,3,tt31770649
Movie,Nou Pat Nan Dieu,2024,por estrenar,tt31752804
Movie,Campus Kings,2024,3,tt31779496
Movie,The Write Kinda Love,2024,3,tt31779540
Movie,Suki demo kirai na amanojaku,2024,5,tt31788773
Movie,"Kuba, Marina",2024,3,tt31790101
Movie,Chotto Piklu,2024,3,tt31790416
Movie,Pillars of Privilege,2024,4,tt31795139
Movie,Mr Hero,2024,3,tt31788827
Movie,Lack of Patience,2024,3,tt31795591
Movie,Neria 21,2024,3,tt31796880
Movie,Path of No Return,2024,3,tt31797283
Movie,Arokkhoniya,2024,4,tt31797456
Movie,TL,2024,3,tt31797468
Movie,Dearly Beloved,2024,3,tt31797562
Movie,El patio de Jim,2024,por estrenar,tt31797726
Movie,Tharini,2024,3,tt31797803
Movie,Graft,2024,por estrenar,tt31797916
Movie,The Wonderful Story of Henry Sugar and Three More,2024,3,tt31800329
Movie,"BAD CLOWN: Making an evil clown mask, and making my counselor leave me.",2024,3,tt31805493
Movie,Dragon,2024,3,tt31806068
Movie,Les poussières,2024,3,tt31806922
Movie,Ahmad Be Tanhayi,2024,3,tt31807064
Movie,Te Amo,2024,por estrenar,tt31807103
Movie,The Wife That Didnt Know Who She Married,2024,3,tt31807582
Movie,A Moeda-Viva,2024,3,tt31808170
Movie,Alakshye Ritwik,2024,3,tt31822168
Movie,La vida d'Antani,2024,por estrenar,tt31828327
Movie,Captura,2024,3,tt31828781
Movie,Wack,2024,3,tt31828889
Movie,A Journey,2024,4,tt31805808
Movie,Charlie in Wonderland,2024,por estrenar,tt31830208
Movie,Cheaters,2024,4,tt31830638
Movie,Marilyn y las avispas,2024,4,tt31831774
Movie,Albany Road,2024,6,tt31839336
Movie,The Little Thief,2024,6,tt31840677
Movie,Anjaam Vedham,2024,4,tt31841125
Movie,Necrophile,2024,4,tt31843348
Movie,Wo zai zhe li deng ni,2024,5,tt31843865
Movie,Juna Furniture,2024,4,tt31844525
Movie,The Text,2024,3,tt31848252
Movie,Fresh Off Markham,2024,4,tt31849517
Movie,Amour dans la peau,2024,3,tt31850030
Movie,What Lies Within,2024,5,tt31850430
Movie,Rebel,2024,5,tt31850446
Movie,A Lab Story,2024,3,tt31850657
Movie,Detective Dee and the Phantom of Waning Moon,2024,2,tt31851880
Movie,If Love Deceives You,2024,3,tt31852671
Movie,The Last Passage,2024,1,tt31852754
Movie,Ma face cachée,2024,por estrenar,tt31860731
Movie,Jyukinshi,2024,3,tt31861434
Movie,Tirik yetim qizaloq,2024,3,tt31862104
Movie,Blooming Sisters,2024,3,tt31862097
Movie,Bana Beni Anlat,2024,3,tt31863174
Movie,Era como um Filme,2024,3,tt31863593
Movie,Pássaro Azul,2024,3,tt31866489
Movie,Broken Redemption,2024,11,tt31867120
Movie,Space & Time,2024,4,tt31867591
Movie,A Mother's Hope,2024,6,tt31868567
Movie,Vishesham,2024,4,tt31869446
Movie,Baki Hanma VS Kengan Ashura,2024,6,tt31869664
Movie,Shigatsu ni nareba kanojo wa,2024,3,tt31869366
Movie,Velhi Janta,2024,3,tt31869928
Movie,Last Party in R. Desert!,2024,5,tt31883260
Movie,Warning,2024,3,tt31883489
Movie,Kek 2,2024,5,tt31888121
Movie,Urmisha,2024,4,tt31888859
Movie,Gauri Shankar ki Prem Kahani,2024,,tt31898764
Movie,Malanova,2024,4,tt31899561
Movie,Journal de la sentinelle,2024,4,tt31905541
Movie,Filo Hua Hum,2024,1,tt31908484
Movie,Crab in A Bucket,2024,por estrenar,tt31909250
Movie,A Threnody (One of Many...),2024,por estrenar,tt31909494
Movie,Insaniyat,2024,3,tt31911794
Movie,Stag,2024,4,tt31912843
Movie,Green Card,2024,4,tt31913143
Movie,The girl in cheongsam,2024,,tt31913644
Movie,Homecoming,2024,3,tt31913201
Movie,Baryali,2024,3,tt31913927
Movie,Qagayilar,2024,3,tt31918283
Movie,Di Ren Jie Zhi Tong Tian Xuan An,2024,2,tt31918560
Movie,Tyrant: Like Father Like Son,2024,3,tt31923094
Movie,Una Vida En El Olvido,2024,1,tt31924248
Movie,Hatekhori,2024,3,tt31925345
Movie,Grizzly City Boy,2024,5,tt31937670
Movie,Triggers,2024,6,tt31937861
Movie,The Bad Guardian,2024,5,tt31938105
Movie,Alanaati Ramachandrudu,2024,por estrenar,tt31939390
Movie,Woh Bhi Din The,2024,3,tt31939497
Movie,The Midsummer's Voice,2024,4,tt31940224
Movie,Peyis. Jumaq ananiñ tabaniniñ astinda,2024,3,tt31940684
Movie,Qingtan,2024,3,tt31945295
Movie,A Girl Named Ann,2024,6,tt31945966
Movie,The Stonehearts,2024,4,tt31947055
Movie,Amelia,2024,3,tt31947604
Movie,Drama Queen,2024,3,tt31947652
Movie,Prodigieuses,2024,11,tt31948263
Movie,Love and Friendship,2024,3,tt31949035
Movie,La seconda vita,2024,4,tt31955111
Movie,Marea Alta,2024,9,tt31955328
Movie,BET,2024,5,tt31955451
Movie,Xun zhao xiao shi de lian ren,2024,3,tt31955604
Movie,The Finishing Tutor,2024,2,tt31956512
Movie,Sharab Mafiya,2024,3,tt31956696
Movie,Where Echoes Never End,2024,4,tt31956878
Movie,Hidden Passion,2024,3,tt31957336
Movie,Emma és Eddie: A képen kívül,2024,4,tt31960909
Movie,Mountain Lion: Healing Film of St. Francis,2024,5,tt31961279
Movie,På line over livet,2024,3,tt31961712
Movie,Yao Shen Ling,2024,3,tt31963478
Movie,Die Mutigen 56 - Deutschlands längster Streik,2024,5,tt31963838
Movie,La Invención de las Especies,2024,4,tt31968569
Movie,Sapiens,2024,por estrenar,tt31968629
Movie,Lipstick,2024,4,tt31969078
Movie,Lan se hu die jie,2024,3,tt31969274
Movie,Be Friend My Mom,2024,6,tt31970009
Movie,Steve Franchise Story,2024,12,tt31969796
Movie,Sakshee,2024,6,tt31970745
Movie,Shishyavrutti,2024,3,tt31971489
Movie,Vivekam,2024,3,tt31972385
Movie,Candlelight My Way,2024,4,tt31972475
Movie,Bludniyat sin,2024,3,tt31972535
Movie,The Last Man on the World,2024,4,tt31973726
Movie,Lurch,2024,3,tt31973756
Movie,Trapped in Lust,2024,4,tt31974882
Movie,Venizia,2024,4,tt31975656
Movie,Alaigal,2024,11,tt31975568
Movie,Cloud Chamber: Tones,2024,por estrenar,tt31985814
Movie,Childhood Tales,2024,4,tt31985964
Movie,Mercy Killing,2024,4,tt31986077
Movie,Hao Ge Nao Xian Ya,2024,3,tt31986672
Movie,Charles Street,2024,6,tt31987018
Movie,Blue Period,2024,8,tt31987050
Movie,"Cutro, Calabria, Italia",2024,por estrenar,tt31987064
Movie,Another Franko,2024,2,tt31996061
Movie,Waste Management,2024,3,tt31997613
Movie,"April, Come She Will",2024,3,tt31999195
Movie,Last Gasp: Sins and Murder,2024,2,tt32011615
Movie,Yuvakaru,2024,4,tt32012324
Movie,Oozhi: A Dark Age,2024,5,tt32012381
Movie,Kissi,2024,por estrenar,tt32014351
Movie,The Influencer,2024,,tt32019733
Movie,Appu,2024,4,tt32020028
Movie,De La Cruz,2024,11,tt32020189
Movie,Ephemeral,2024,4,tt32020958
Movie,Agora,2024,por estrenar,tt32022335
Movie,Possession: Kerasukan,2024,5,tt32023078
Movie,Main Ladega,2024,4,tt32023291
Movie,3 Karod 24 Khallak 1 Sawaal,2024,3,tt32023769
Movie,And God Made Man,2024,8,tt32026356
Movie,Better Than Revenge,2024,8,tt32027870
Movie,Dream on Dreamer 2: The Climax,2024,8,tt32029105
Movie,Dream on Dreamer,2024,8,tt32029210
Movie,Broken Trust,2024,4,tt32035255
Movie,The Chiseler,2024,3,tt32035415
Movie,The Remedy for a Broken Heart,2024,4,tt32045199
Movie,Vidyarthi Vidyarthiniyare,2024,por estrenar,tt32045279
Movie,Réconciliation - Dans les pas des Cathares,2024,4,tt32046090
Movie,Smotri na menya,2024,9,tt32046399
Movie,Så länge hjärtat slår,2024,9,tt32047707
Movie,Meninas Não Choram,2024,4,tt32050758
Movie,A Woman's Plight,2024,4,tt32055377
Movie,As Close to Me As Always,2024,6,tt32055878
Movie,Die Ying Jiu Shu,2024,4,tt32056058
Movie,In Iove with my class teacher,2024,3,tt32056075
Movie,Between the Lies,2024,1,tt32056778
Movie,Prishelets,2024,4,tt32058413
Movie,Ayni Ipte Asili,2024,,tt32045603
Movie,Labor Day,2024,1,tt32056499
Movie,Dewalo,2024,4,tt32058871
Movie,The Love We Choose,2024,5,tt32045576
Movie,Mo Papa,2024,,tt32058988
Movie,Animali Randagi,2024,2,tt32058992
Movie,Vo sne ty gorko plakal,2024,por estrenar,tt32059821
Movie,Pyar Ke Do Naam,2024,5,tt32060363
Movie,Fim de Semana,2024,,tt32062709
Movie,Happiness Railway,2024,4,tt32062965
Movie,Comatogen,2024,9,tt32063182
Movie,Blackwoods,2024,3,tt32063721
Movie,Papa Ki Pari,2024,4,tt32064202
Movie,Adjunct,2024,6,tt32065560
Movie,Isang gabi,2024,5,tt32066710
Movie,A Woman's Plight,2024,4,tt32066730
Movie,Forgive Me My Child,2024,4,tt32081983
Movie,Once Passed On,2024,3,tt32082245
Movie,Entre Actores,2024,11,tt32082847
Movie,On Becoming a Guinea Fowl,2024,5,tt32083311
Movie,As I Am (Director's Cut),2024,,tt32083642
Movie,Open Marriage (Igbeyawo Asiko),2024,3,tt32085310
Movie,Ninety Minutes Later,2024,6,tt32085401
Movie,Koi wo Shiranai Bokutachi wa,2024,8,tt32085996
Movie,Rendez-vous avec Pol Pot,2024,6,tt32086004
Movie,Miséricorde,2024,5,tt32085997
Movie,Vingt Dieux,2024,5,tt32086034
Movie,All We Imagine as Light,2024,5,tt32086077
Movie,Viet and Nam,2024,5,tt32086052
Movie,Lets Talk,2024,3,tt32089835
Movie,Katanga - La danse des scorpions,2024,,tt32094021
Movie,Uzhaipalar Thinam,2024,5,tt32094459
Movie,Even,2024,5,tt32094913
Movie,Crush,2024,4,tt32095531
Movie,The Mercedes Story - A Troubled Soul,2024,4,tt32096064
Movie,Shrutaxwini,2024,1,tt32097565
Movie,Persona Non Grata,2024,1,tt32099777
Movie,A Father I Never Had,2024,4,tt32104272
Movie,Crocodile Eyes,2024,por estrenar,tt32104375
Movie,Blindspot,2024,4,tt32104721
Movie,Good Goodbye,2024,3,tt32104940
Movie,Aai Majhi Shree Saptashrungi,2024,2,tt31722474
Movie,Word,2024,por estrenar,tt31727580
Movie,The Karamazovs,2024,2,tt31729118
Movie,Hathya,2024,por estrenar,tt31729526
Movie,Layas,2024,3,tt31729654
Movie,Maru Mann Taru Thayu,2024,,tt31729770
Movie,Husna,2024,,tt31730276
Movie,Dear Family,2024,6,tt31735255
Movie,Prigovor,2024,3,tt31775030
Movie,Firework,2024,7,tt31778961
Movie,Hundre for mye,2024,3,tt31779248
Movie,Un paseo por el Borne,2024,,tt31886939
Movie,Sharp Elements,2024,,tt31890272
Movie,1506 - The Lisbon Genocide,2024,4,tt31893917
Movie,Reality Check,2024,5,tt31896626
Movie,Ambivalent,2024,4,tt32031850
Movie,KALI,2024,4,tt32031887
Movie,Storm,2024,4,tt32031925
Movie,Degree Maila M.A 3rd Class,2024,4,tt32031932
Movie,Sweet Release,2024,4,tt32032481
Movie,Dayo,2024,4,tt32033132
Movie,Red Flag,2024,4,tt32033162
Movie,Sinduraa (Odia),2024,4,tt32033666
Movie,For Your Sake,2024,4,tt32034299
Movie,"Men Are from QC, Women Are from Alabang",2024,5,tt32034823
Movie,Loser,2024,4,tt32103792
Movie,Jericho's tail,2024,3,tt32109146
Movie,Ayanda,2024,4,tt32109432
Movie,A Time to Heal,2024,4,tt32109671
Movie,Ruthupavanalu (Monsoon Breeze),2024,por estrenar,tt32110507
Movie,Wanted: Girlfriend,2024,4,tt32104849
Movie,Love Mocktail 2,2024,5,tt32106143
Movie,Entfremdet,2024,3,tt32114947
Movie,Pasi Enkira Desiyanooi,2024,4,tt32116841
Movie,Ghost Camera,2024,5,tt32116964
Movie,It's Always That Feeling,2024,5,tt32117548
Movie,Baby,2024,5,tt32119268
Movie,Simón de la montaña,2024,5,tt32119337
Movie,Blue Sun Palace,2024,5,tt32119297
Movie,La Pampa,2024,5,tt32119317
Movie,The Disadvantages of Seeing God,2024,4,tt32123489
Movie,A Woman's Plight,2024,4,tt32123688
Movie,Dasavarenya Sri Vijaya Dasaru,2024,4,tt32126733
Movie,2020,2024,4,tt32128166
Movie,The Other Way Around,2024,8,tt32128317
Movie,Eat the Night,2024,5,tt32128915
Movie,À son image,2024,5,tt32128666
Movie,"Something Old, Something New, Something Borrowed",2024,5,tt32128950
Movie,Namibia no sabaku,2024,5,tt32128870
Movie,The Hyperboreans,2024,5,tt32128968
Movie,A savana e a montanha,2024,5,tt32128938
Movie,Nenu Keerthana,2024,,tt32130925
Movie,Ienai Himitsu,2024,6,tt32131062
Movie,Air Blue Silk,2024,por estrenar,tt32133544
Movie,Hotel Houffer,2024,6,tt32134269
Movie,Arigato Monster,2024,3,tt32134521
Movie,Mother's Instinct,2024,4,tt32134886
Movie,Los demonios del amanecer,2024,6,tt32135294
Movie,Kyuka - Before Summer's End,2024,por estrenar,tt32135407
Movie,HOPE Westside High,2024,4,tt32134708
Movie,The Beginning,2024,4,tt32137676
Movie,Cuadrilátero,2024,3,tt32138755
Movie,Bissonnet 2: Back on the Blade,2024,4,tt32139961
Movie,Sharapanjaram,2024,4,tt32140423
Movie,McVeigh,2024,6,tt32141536
Movie,Dekha Howar Kotha Chilo,2024,4,tt32143564
Movie,Le Dream,2024,4,tt32144181
Movie,DRIVER,2024,6,tt32145259
Movie,Muzhchina i zhenshchina,2024,4,tt32145804
Movie,Evgeniy Telegin,2024,4,tt32145911
Movie,Under the Grey Sky,2024,6,tt32145913
Movie,1-800-On-Her-Own,2024,6,tt32147765
Movie,Land of fire,2024,4,tt32149875
Movie,Color Book,2024,6,tt32150360
Movie,They're Here,2024,6,tt32150467
Movie,Charming Men: Part 2 - Camilla,2024,6,tt32151168
Movie,Black Olive,2024,,tt32151316
Movie,For the love of cash 2,2024,5,tt32151362
Movie,Life of a Bull,2024,4,tt32151514
Movie,Bichos Muy Raros,2024,4,tt32144479
Movie,Maharaaj,2024,5,tt32152116
Movie,Ex Kills Me,2024,4,tt32152398
Movie,Bhundis,2024,5,tt32155632
Movie,Gulkand,2024,,tt32155764
Movie,Moloka'i Bound,2024,5,tt32155974
Movie,Yanqui,2024,6,tt32158497
Movie,Wedding Night Blues,2024,,tt32160122
Movie,Life in the Old Cloth,2024,12,tt32161457
Movie,Xing fu he tao,2024,3,tt32161669
Movie,Lady Guard,2024,5,tt32164700
Movie,Dirty Ice Cream,2024,5,tt32164743
Movie,Kulong,2024,5,tt32164798
Movie,Late Bloomer,2024,4,tt32165698
Movie,Douleurs plurielles,2024,5,tt32166036
Movie,Shri Mahavir Jii,2024,4,tt32167212
Movie,MOTSWAKO,2024,4,tt32167203
Movie,Silence,2024,2,tt32167304
Movie,Vaguito,2024,4,tt32169685
Movie,Fenómenos naturales,2024,por estrenar,tt32174039
Movie,Le brame de la licorne,2024,4,tt32176667
Movie,Entabeni,2024,4,tt32178775
Movie,An Unfinished Film,2024,5,tt32186579
Movie,Three Kilometres to the End of the World,2024,5,tt32186523
Movie,A Place Under the Sun,2024,7,tt32186678
Movie,Tendrils,2024,4,tt32186666
Movie,Flat Blood,2024,por estrenar,tt32188155
Movie,La eterna adolescente,2024,por estrenar,tt32192764
Movie,Eu Também Não Gozei,2024,1,tt32193045
Movie,La estrella que perdí,2024,4,tt32194961
Movie,Estranged,2024,5,tt32197232
Movie,The Final Play,2024,6,tt32197542
Movie,The Odds,2024,6,tt32197566
Movie,Noble Vision,2024,4,tt32198949
Movie,Chaalchitra Ekhon,2024,5,tt32199478
Movie,Matiputra,2024,,tt32199336
Movie,Jericho's tail,2024,3,tt32200729
Movie,Way Home,2024,por estrenar,tt32201244
Movie,Guardia de Honor,2024,4,tt32201420
Movie,Anto Nagar,2024,5,tt32203919
Movie,She's Got a Baby,2024,,tt32203932
Movie,The Chef,2024,3,tt32205368
Movie,"Molly, Savannah",2024,3,tt32205392
Movie,Harley and Her Wishes,2024,4,tt32205401
Movie,The Male Gaze: Boy Trouble,2024,4,tt32209635
Movie,Tabaahi Reloaded 2024,2024,5,tt32210154
Movie,Prima del giorno dopo,2024,,tt32210413
Movie,Benih,2024,3,tt32211807
Movie,The Foreground,2024,por estrenar,tt32213091
Movie,Tokhon Jokhon,2024,4,tt32213684
Movie,Ghostlight,2024,5,tt32214791
Movie,Crumbling Castle,2024,4,tt32215376
Movie,El más triste adiós,2024,4,tt32215643
Movie,Nebesko,2024,4,tt32215898
Movie,Ayo Balikan,2024,,tt32216004
Movie,Wakamusha,2024,5,tt32216248
Movie,Redrum,2024,11,tt32216510
Movie,Situation,2024,2,tt32217917
Movie,The Silent Prayer,2024,3,tt32218357
Movie,Jericho's tail,2024,3,tt32218411
Movie,El Poder de la Iglesia II,2024,6,tt32219636
Movie,Yaar Dushman,2024,4,tt32221325
Movie,Charta Khanay Charta Faqiray,2024,4,tt32221404
Movie,Bunnoui Gang,2024,5,tt32221422
Movie,Grey Catalysts,2024,8,tt32221416
Movie,Bandiwan,2024,4,tt32221537
Movie,Baiser de Judas,2024,5,tt32221912
Movie,Chabuca,2024,4,tt32222167
Movie,Nee Yello Naa Alle,2024,,tt32223572
Movie,Vengeance: Amour ambigu II,2024,6,tt32223876
Movie,Balinsasayaw,2024,5,tt32227204
Movie,The Film After La Pel·lícula Després,2024,por estrenar,tt32227286
Movie,Zápisník alkoholicky,2024,7,tt32228803
Movie,Face Off 7: One Wish,2024,4,tt32229497
Movie,The Partners,2024,por estrenar,tt32229653
Movie,"Tam, gde tantsuyut sterkhi",2024,4,tt32229751
Movie,Summer on a solitary beach,2024,9,tt32229864
Movie,Annie Johnson's the Music Hotel 2024,2024,12,tt32230597
Movie,Kiss Me Once,2024,4,tt32230577
Movie,Ma Bei Shang De Xun Xian Yuan,2024,4,tt32230606
Movie,The Crush,2024,5,tt32232736
Movie,Krasnye lenty,2024,5,tt32232806
Movie,Macbeth: Ralph Fiennes & Indira Varma,2024,5,tt32236501
Movie,Blood Thicker Than Water,2024,4,tt32236753
Movie,DJ Marwar,2024,,tt32237172
Movie,Colineales,2024,4,tt32237736
Movie,Stripper Party 2,2024,6,tt32243249
Movie,Life Ek Settlement,2024,5,tt32243417
Movie,Vrutos,2024,4,tt32244708
Movie,Bokser,2024,,tt32244931
Movie,Napad,2024,,tt32245158
Movie,Gaslit by My Husband: The Morgan Metzer Story,2024,6,tt32245467
Movie,The Milky Day,2024,5,tt32252045
Movie,From All Sides,2024,por estrenar,tt32253220
Movie,Bodyguard for Sweetheart,2024,6,tt32254400
Movie,Only Child,2024,,tt32254497
Movie,Hier Zijn,2024,4,tt32259679
Movie,Mamta Child Factory,2024,2,tt32260076
Movie,Pachhtave Di Agg,2024,4,tt32262796
Movie,Top Love: Só e Bem Acompanhado,2024,por estrenar,tt32263211
Movie,Le Premier Rôle,2024,por estrenar,tt32263528
Movie,Desmemórias,2024,4,tt32264436
Movie,Teacher's Pet,2024,5,tt32265116
Movie,Una luz negra,2024,4,tt32268272
Movie,De sang-froid,2024,por estrenar,tt32268578
Movie,Tento,2024,5,tt32269064
Movie,Einhundertvier,2024,5,tt32270974
Movie,23:47,2024,,tt32272655
Movie,Moghwasom pineun nal,2024,5,tt32275404
Movie,Entangleships,2024,8,tt32277367
Movie,Liu mang qu mo shi,2024,5,tt32277855
Movie,Vicky,2024,5,tt32281021
Movie,Serbidoras,2024,5,tt32281964
Movie,Last Gasp: Brokeback fields,2024,1,tt32283068
Movie,Satya,2024,5,tt32288784
Movie,Distancia,2024,6,tt32291878
Movie,Us and the Night,2024,5,tt32296450
Movie,For My Forever,2024,5,tt32305863
Movie,La Femme cachée,2024,8,tt32306046
Movie,Adim (Primitive),2024,4,tt32306195
Movie,"Chances Are, You and I",2024,5,tt32306491
Movie,Cicada,2024,por estrenar,tt32306656
Movie,La Bocca dell'Anima,2024,9,tt32306905
Movie,Don Giovanni,2024,5,tt32307015
Movie,Ready or Not (Dot),2024,por estrenar,tt32306992
Movie,DitO,2024,7,tt32307759
Movie,Purushothamudu,2024,5,tt32308382
Movie,Tili Tili Boom,2022,8,tt32307027
